Hebrew Name,Translated,Matched English Name,Match Score,Team ID,Country
א.א.ק. לרנקה,A.A.K. Larnaca,AEK Larnaca,100,614,Cyprus
א.ס. אבלינו,Avellino,Avellino,100,528,Italy
אבייה ווריורס,Abia Warriors,Abia Warriors,100,5171,Nigeria
אביספה פוקוקה,Avispa Fukuoka,Avispa Fukuoka,100,316,Japan
אברדין,Aberdeen,Aberdeen,100,252,Scotland
אברטון,Everton,Everton,100,45,England
אברטון וינה דל מר,Everton Vienna del Mar,Everton de Vina,100,2325,Chile
אגארב,Agarb,AS Agareb,100,10595,Tunisia
אגילה,Agila,Águila,100,4310,El-Salvador
אגרופקואריו,Agropecuario,Agropecuario,100,462,Argentina
אדאמסטאון,Adamstown,Adamstown Rosebuds,100,10201,Australia
אדגוורת,Edgworth,Edgeworth Eagles,100,10204,Australia
אדלייד יונייטד,Adelaide United,Adelaide United,100,948,Australia
אדנה דמירספור,Aduna Demirspor,Adana Demirspor,100,3563,Turkey
אוביידו,Oviedo,Oviedo,100,718,Spain
אובשטדט,Obstadt,Aubstadt,100,9323,Germany
אוגסבורג,Augsburg,FC Augsburg,100,170,Germany
אוגסבורג חובבים,Augsburg amateurs,Augsburg II,100,9324,Germany
אוגרה יונייטד,Ugra United,Ogre United,100,18936,Latvia
אודינזה,Udinese,Serie A,100,494,Italy
אודישה,Odisha,Odisha,100,7177,India
אודנסה,Odense,Superliga,100,405,Denmark
אוזבקיסטאן,Uzbekistan,Uzbekistan,100,1568,World
אוטרכט,Utrecht,Utrecht,100,207,Netherlands
אולביירנסה,Olveirense,Oliveirense,100,233,Portugal
אולדהאם,Oldham,League Two,100,1349,England
אולימפיאקוס,Olympiakos,Olympiakos Piraeus,100,553,Greece
אולימפיה,Olympia,Olympia,100,23915,USA
אולימפיה לובליאנה,Olympia Ljubljana,Olimpija Ljubljana,100,677,Slovenia
אולימפיק בריסביין,Brisbane Olympics,Olympic,100,10220,Australia
אולכסנדרייה,Alexandria,Oleksandria,100,3619,Ukraine
אולם,hall,Hall,100,4943,Austria
אום סלאל,Umm Salal,UMM Salal,100,2899,Qatar
אומוניה ניקוסיה,Omonia Nicosia,Omonia Nicosia,100,3402,Cyprus
אונבירסיטטה קלוז,Universitat Close,Universitatea Cluj,100,2599,Romania
אוניברסידד קתוליקה,Catholic University,U. Catolica,100,2994,Chile
אוניון ברלין,Union Berlin,Union Berlin,100,182,Germany
אוניון סן פליפה,Union San Felipe,Union San Felipe,100,2340,Chile
אוניון סנטה פה,Union Santa Fe,Union Santa Fe,100,441,Argentina
אוניראה סלובוזיה,Oneira Slobozia,Unirea Slobozia,100,6916,Romania
אוס,Avs,AVS,100,21595,
אוסאסונה,Osasuna,Osasuna,100,727,Spain
אוסאסונה ב,Osasuna b,Osasuna II,100,9584,Spain
אוסטין אפ. סי,Austin Up. si,Austin,100,16489,USA
אוסטריה,Austria,Austria,100,775,World
אוסטריה וינה,Austria Vienna,Austria Vienna,100,601,Austria
אוסטריה זלצבורג,Austria Salzburg,Austria Salzburg,100,5000,Austria
אוסטריה עד 19,Austria until 19,Austria U19,100,10326,World
אוסטריה קלגנפורט,Austria Klagenfurt,2. Liga,100,1405,Austria
אוסטרליה,Australia,Australia,100,20,World
אוסטרס,Oysters,Osters IF,100,2174,Sweden
אוסטרסונדס,Ostersunds,Ostersunds FK,100,376,Sweden
אוספיטאלטו,Ospitalto,Ospitaletto,100,24696,Italy
אופאבה,Opaba,Opava,100,3717,Czech-Republic
אוקלנד,Oakland,Auckland,100,24608,Australia
אוקספורד יונייטד,Oxford United,Oxford United,100,1338,England
אוקראינה,Ukraine,Ukraine,100,772,World
אוקראינה עד 19,Ukraine until 19,Ukraine U19,100,10352,World
אוקראינה עד 21,Ukraine until 21,Ukraine U21,100,8228,World
אוראווה רד דיאמונדס,Urawa Red Diamonds,Urawa,100,287,Japan
אורביט קולג,Orbit College,Orbit College,100,10582,South-Africa
אורברו,Orebro,Orebro SK,100,365,Sweden
אורוגוואי,Uruguay,Uruguay,100,7,World
אורל יקטרינבורג,Ural Yekaterinburg,Ural,100,1084,Russia
אורליאן,Orleans,Orleans,100,103,France
אורלנדו פייראטס,Orlando Pirates,Orlando Pirates,100,2700,South-Africa
אורנבורג,Orenburg,FC Orenburg,100,1080,Russia
אורנג קאונטי,Orange County,Orange County SC,100,4007,USA
אורסומרסו,Orsomerso,Orsomarso,100,1469,Colombia
אזרבייגן,Azerbaijan,Azerbaijan,100,1096,World
אחמט גרוזני,Akhmet Grozny,Akhmat,100,1085,Russia
אטאייספור,Atayspur,Hatayspor,100,3575,Turkey
אטאלנטה,Atalanta,Atalanta,100,499,Italy
אטאלנטה עד 23,Atalanta until 23,Atalanta II,100,22104,Italy
אטאר טרנובו,Atar Tarnovo,Etar Veliko Tarnovo,100,855,Bulgaria
אטלס,atlas,Atlas,100,2283,Mexico
אטרומיטוס,Atromitos,Atromitos,100,12260,Greece
איביזה,Ibiza,Ibiza,100,9390,Spain
איברדון ספורט,Iberdon Sport,Yverdon Sport,100,6653,Switzerland
איבשם יונייטד,Evesham United,Evesham United,100,7640,England
איופספור,Eyüpspor,Süper Lig,100,3588,Turkey
איותאיה יונייטד,Ayutthaya United,Ayutthaya FC,100,2803,Thailand
איטליה,Italy,Italy,100,768,World
איטליה עד 19,Italy until 19,Italy U19,100,10338,World
איי סיישל,Seychelles Islands,Seychelles,100,1515,World
אייאקס,Ajax,Ajax,100,194,Netherlands
אייכשטט,Eichstätt,Eichstätt,100,4262,Germany
איילנבורג,Eilenburg,Eilenburg,100,12756,Germany
איינדהובן,Eindhoven,PSV Eindhoven,100,197,Netherlands
איינטרכט פרנקפורט,Eintracht Frankfurt,Eintracht Frankfurt,100,169,Germany
אילרטיסן,Ilartisen,Illertissen,100,9330,Germany
אימיסלי,Imisli,Imisli FK,100,5570,Azerbaijan
אינגולסטד,Ingolstadt,Ingolstadt,100,20483,Germany
אינדונזיה,Indonesia,Indonesia,100,1571,World
אינדפנדיינטה,Independiente,Independiente,100,453,Argentina
אינדפנדיינטה דל ואלה,Independiente del Valle,Independiente del Valle,100,1153,Ecuador
אינדפנדיינטה פטרולרו,Independiente Petrolero,Independiente Petrolero,100,15702,Bolivia
אינטר,Inter,Inter,100,505,Italy
אינטר טורקו,Inter Turku,Inter Turku,100,1164,Finland
אינטר מיאמי,Inter Miami,Inter Miami,100,9568,USA
אינטר פאלמירה,Inter Palmira,Internacional Palmira,100,23326,Colombia
אינטר קאשי,Inter Kashi,Inter Kashi,100,22595,India
אינטרנסיונל,Internacional,Internacional,100,119,
אינסטיטוטו קורדובה,Instituto Cordoba,Instituto Cordoba,100,478,
אינצאון יונייטד,Inazion United,Incheon United,100,2763,South-Korea
איסט בנגל,East Bengal,East Bengal,100,3463,India
איסטבורן,Eastbourne,Eastbourne Borough,100,4704,England
איסטליי,Eastleigh,Eastleigh,100,1822,England
איסטנבולספור,Istanbulspor,İstanbulspor,100,3578,Turkey
איסטרה,Istra,Istra 1961,100,1016,Croatia
איסלנד,Iceland,Iceland,100,18,World
איסלנד עד 21,Iceland until 21,Iceland U21,100,8199,World
איפסוויץ,Ipswich,Ipswich,100,57,England
איפסוויץ עד 21,Ipswich until 21,Ipswich Town U21,100,20094,England
אירלנד,Ireland,Ireland,100,1119,Ireland
אל,AL,Al Sadd,100,2895,Qatar
אל אהלי,Al Ahli,Al Ahli,100,5580,Bahrain
אל אחדוד,AL Ahdvd,Al Wahda U23,100,27491,United-Arab-Emirates
אל איתיחד אל איסקנדרי,Al Ittihad Al Iskandari,Al Ittihad,100,1572,Egypt
אל איתיחד גדה,Al Ittihad G'da,Al Buqa'a,100,4533,Jordan
אל איתיחד קלבה,Al Ittihad Club,Al Salt,100,7182,Jordan
אל אנוואר,Al Anwar,Al Anwar,100,10503,Saudi-Arabia
אל גובאיל,Al Gobail,Al Jubail,100,10508,Saudi-Arabia
אל גנדל,Al Gandal,Al Jandal,100,10507,Saudi-Arabia
אל וואחדה,AL Vvahdh,Sama Al Sarhan,100,17469,Jordan
אל חאזם,Al Hazem,Shabab Al Ordon,100,4544,Jordan
אל מסרי,Al Masri,AL Masry,100,1031,Egypt
אל נאסר ריאד,Al Nasser Riyadh,Al Buqa'a,100,4535,Jordan
אל נגמה,Al Ngema,Shabab Al Ordon,100,4554,Jordan
אל נגמה מנעמה,Al Ngema Manama,Al Najma,100,5479,Bahrain
אל סאלייה,El Saliya,Al-Sailiya,100,2898,Qatar
אל סלבדור,El Salvador,El Salvador,100,5159,World
אל פאסו לוקומוטיב,El Paso Locomotive,El Paso Locomotive,100,3993,USA
אל פתח,AL Pth,Al Nasr U23,100,27489,United-Arab-Emirates
אל ריאד,to Riyadh,Al Riyadh,100,10511,Saudi-Arabia
אל שאמאל,El Shamal,Al Shamal,100,2916,Qatar
אל שבאב,Al Shabab,Al Shabab,100,2940,Saudi-Arabia
אל שחנייה,El Shachneia,Al Shahaniya,100,2893,Qatar
אלאבס,Alaves,Alaves,100,542,Spain
אלבורג,Aalborg,Aalborg,100,402,Denmark
אלביון,Albion,Albion FC,100,2378,Uruguay
אלבניה,Albania,Albania,100,778,World
אלבריחס דה אוחאקה,Albrecht de Oaxaca,Alebrijes de Oaxaca,100,2300,Mexico
אלגין סיטי,Elgin City,Elgin City,100,6767,Scotland
אלגיריה,Algeria,Algeria,100,1532,World
אלגסיראס,Algeciras,Algeciras,100,9597,Spain
אלדוסיבי,aldusive,Aldosivi,100,463,Argentina
אלדרשוט,Aldershot,Aldershot Town,100,1818,England
אלומיני,aluminum,Aluminij,100,4358,Slovenia
אלטאך,Altach,SCR Altach,100,618,Austria
אלטמורה,Altamora,Team Altamura,100,9549,Italy
אלטרינצאם,Altrincham,Altrincham,100,4700,England
אליאנזה ולדופאר,Allianz and Waldopar,Alianza Valledupar,100,1141,Colombia
אלמירה סיטי,Almira City,Almere City FC,100,419,Netherlands
אלמריה,Almeria,Segunda División,100,723,Spain
אלניהספור,Alanyaspor,Alanyaspor,100,996,Turkey
אלסונדס,Aalesund,NM Cupen,100,757,Norway
אלקורקון,Alcorcon,Alcorcon,100,711,Spain
אלקמאר,Alkmaar,AZ Alkmaar,100,201,Netherlands
אלשקרט,Alshkart,Alashkert,100,582,Armenia
אמאזולו,Amazulu,Amazulu,100,2669,South-Africa
אמיין,Amen,Amiens,100,87,France
אמנפורד,Ammanford,Ammanford AFC,100,2188,Wales
אמסטטן,Amstetten,SKU Amstetten,100,1404,Austria
אמפולי,Empoli,Serie B,100,511,Italy
אמריקה דה קאלי,America de Cali,America de Cali,100,1138,Colombia
אנגליה,England,England,100,10,World
אנגליה עד 19,England until 19,England U19,100,10332,World
אנדורה,Andorra,Andorra,100,1110,World
אנדיון,andion,Andijan,100,4209,Uzbekistan
אנדרלכט,Anderlecht,Anderlecht,100,554,Belgium
אנורתוסיס פמגוסטה,Anorthosis Famagusta,Anorthosis,100,2269,Cyprus
אנטוורפן,Antwerp,Antwerp,100,740,Belgium
אנטליספור,Antalisspor,Antalyaspor,100,1005,Turkey
אנטקוורה,Antequera,Antequera,100,9742,Spain
אניאן,FC Anyang,K League 1,100,2748,South-Korea
אנסבאך,Ansbach,Ansbach,100,14621,Germany
אנפילד טאון,Enfield Town,Enfield Town,100,7714,England
אנקרה דמירספור,Ankara Demirspor,Ankara Demirspor,100,3581,Turkey
אסביירג,Esbjerg,Esbjerg,100,403,Denmark
אסטון וילה,Aston Villa,Aston Villa,100,66,England
אסטוניה,Estonia,Estonia,100,1101,Estonia
אסטוניה עד 21,Estonia until 21,Estonia U21,100,8191,World
אסטרלה אמדורה,Estrella Amadora,Estrela,100,15130,Portugal
אסטרס טריפוליס,Asters Tripolis,Asteras Tripolis,100,955,Greece
אסיוט,Assyut,Asyut Petrol,100,18021,Egypt
אספניול,Espanyol,Espanyol,100,540,Spain
אספרנסה טוניס,Esperansa Tunis,ES Tunis,100,980,World
אסקולי,Ascoli,Ascoli,100,507,Italy
אף.קיי טוקומס,FK Tucums,Tukums,100,4144,Latvia
אפואל ניקוסיה,Apoel Nicosia,Apoel Nicosia,100,2247,Cyprus
אפולון לימסול,Apollo Limassol,Apollon Limassol,100,602,Cyprus
אפיה לייכרדט,Apia Leichhardt,APIA Leichhardt,100,3764,Australia
אקדמיית פושקש,Pushkash Academy,Puskas Academy,100,2391,Hungary
אקוודור,Ecuador,Ecuador,100,2382,World
אקסטר,Exeter,Exeter City,100,1364,England
אקסלסיור,Excelsior,Eredivisie,100,196,Netherlands
אקרון טוליאטי,Akron Togliatti,Akron,100,6786,Russia
אקריטס חלורקס,Acritas chlorax,Akritas,100,3406,Cyprus
אראד,Arad,Arad,100,7602,Israel
אראז נחציבאן,Araz Nachshon,Araz,100,11238,Azerbaijan
ארדה קרדזלי,Arda Kardzli,Arda Kardzhali,100,1430,Bulgaria
ארהוס,Aarhus,Aarhus,100,406,Denmark
ארוקה,Aruka,Arouca,100,240,Portugal
ארזורומספור,Erzorumspur,Erzurumspor FK,100,1009,Turkey
ארזיגנאנו,Arzignano,Arzignano Valchiampo,100,6378,Italy
אריס לימסול,Aris Limassol,Aris,100,3408,Cyprus
ארמאדייל,Armadale,Armadale,100,3812,Australia
ארמיניה בילפלד,Arminia Bielefeld,Arminia Bielefeld,100,188,Germany
ארמניה,Armenia,Armenia,100,1094,World
ארנט גרדנס,Arnett Gardens,Arnett Gardens,100,3436,Jamaica
ארנס קלאב דה גטקסו,Arenas Club de Gatxo,Arenas Getxo,100,9578,Spain
ארסנל,Arsenal,Arsenal,100,42,England
ארסנל דזרזינסק,Arsenal Dzrezinski,Arsenal,100,9419,Belarus
ארסנל טולה,Arsenal Tula,Arsenal Tula,100,1077,Russia
ארסנל עד 21,Arsenal up to 21,Arsenal U21,100,7189,England
ארקה גדיניה,Areca Gdynia,Arka Gdynia,100,344,Poland
אררט ארמניה,Ararat Armenia,Ararat-Armenia,100,3683,Armenia
אשטוריל,Ashtoril,Estoril,100,230,Portugal
אשקפנבורג,Ashkaffenburg,Viktoria Aschaffenburg,100,9336,Germany
אתלון טאון,Athlone Town,Athlone Town,100,3846,Ireland
אתלטיק בילבאו,Athletic Bilbao,Athletic Club,100,531,Spain
אתלטיק קארפי,Athletic Karfi,Athletic Carpi,100,17825,Italy
אתלטיק קלאב,Athletic Club,Copa Do Brasil,100,13975,Brazil
אתלטיקו גראו,Atlético Grau,Atletico Grau,100,2564,Peru
אתלטיקו לה פאז,Atlético La Paz,CA La Paz,100,19024,Mexico
אתלטיקו מדריד,Atletico Madrid,UEFA Champions League,100,530,World
אתלטיקו מדריד ב,Atlético Madrid b,Atlético Madrid II,100,9570,Spain
אתלטיקו מדריד עד 19,Atlético Madrid U19,UEFA Youth League,100,7884,World
אתלטיקו מיניירו,Athletico Miniero,Atletico-MG,100,1062,Brazil
אתלטיקו רפאלה,Atlético Raffaele,Atletico DE Rafaela,100,465,Argentina
באזל,Basel,FC Basel 1893,100,551,Switzerland
באייר לברקוזן,Bayer Leverkusen,Bayer Leverkusen,100,168,Germany
באלה טאון,Be'aleh Town,Bala Town,100,352,Wales
באלי יונייטד,Bali United,Bali United,100,2448,Indonesia
באנגור,Bangor,Bangor,100,11112,Northern-Ireland
באניק אוסטרבה,Banic Ostrava,Baník Ostrava,100,3713,Czech-Republic
באנפילד,Banpild,Banfield,100,449,Argentina
באסטיה,Bastia,Bastia,100,1305,France
באראקס סנטרל,BaRaKs sEnTrAl,Barracas Central,100,2432,Argentina
בארו,Barrow,Barrow,100,1819,England
בארי טאון,Barry Town,Barry Town,100,361,Wales
בארנט,Barnet,Barnet,100,1369,England
בארנסלי,Barnsley,League One,100,747,England
באת סיטי,You came to the city,Bath City,100,8657,England
בוהמיינס,Bohemians,Bohemians,100,3840,Ireland
בוטאפוגו,Botafogo,Serie A,100,120,Brazil
בוטב וראטסה,Botev and Ratsa,Botev Vratsa,100,859,Bulgaria
בוטב פלובדיב,Botev Plovdiv,Botev Plovdiv,100,634,Bulgaria
בוטוסאני,Botosani,FC Botosani,100,2581,Romania
בוכבאך,Buchbach,Buchbach,100,9326,Germany
בוכום,Bochum,VfL Bochum,100,176,Germany
בולגריה,Bulgaria,Bulgaria,100,1103,World
בולון,Boulogne,Ligue 2,100,1299,France
בולוניה,Bologna,Bologna,100,500,Italy
בולטון,Bolton,Bolton,100,68,England
בוניודקור,Bunyodkor,Bunyodkor,100,4210,Uzbekistan
בוסטון יונייטד,Boston United,Boston United,100,8146,England
בוסטון ריבר,Boston River,Boston River,100,2361,Uruguay
בוסניה והרצגובינה,Bosnia and Herzegovina,Bosnia & Herzegovina,100,1113,World
בורגהאסן,Burghausen,Wacker Burghausen,100,9337,Germany
בורגוס,Burgos,Burgos,100,9580,Spain
בורהאם ווד,Boreham Wood,Boreham Wood,100,1830,England
בורונדי,Burundi,Burundi,100,1528,World
בורוסיה דורטמונד,Borussia Dortmund,Borussia Dortmund,100,165,Germany
בורוסיה מינשנגלדבאך,Borussia Mönchengladbach,Borussia Mönchengladbach,100,163,Germany
בורנמות,Bournemouth,Premier League,100,35,England
בייגין גואן,Begin Goan,Beijing Guoan,100,830,China
ביירן אלזנאו 1920,Byrne Alzenau 1920,Bayern Alzenau,100,9361,Germany
ביירן מינכן,Bayern Munich,Bayern Munich W,100,1860,World
בילריקיי,Billericay,Billericay Town,100,4678,England
בירמינגהאם,Birmingham,Birmingham,100,54,England
ביתר ירושלים,in Beitar Jerusalem,Beitar Jerusalem,100,657,Israel
בלאו ווייס לונה,BW Lohne,Regionalliga - Nord,100,14629,Germany
בלאו וויס לינץ,Blue White Linz,FC BW Linz,100,1394,Austria
בלארוס,Belarus,Belarus,100,1100,World
בלארוס עד 21,Belarus until 21,Belarus U21,100,8182,World
בלגיה,Belgium,Belgium,100,1,Belgium
בלגיה עד 19,Belgium until 19,Belgium U19,100,10327,World
בלגראנו,Belgrano,Belgrano Cordoba,100,440,Argentina
בלדיאת אל מחאלה,Baldiat al Mahala,Baladiyyat Al Mehalla,100,18036,Egypt
בלומינג סנטה קרוז,Blooming Santa Cruz,Blooming,100,3701,World
בליז,Belize,Belize,100,5528,World
בלינזונה,Bilinzona,Bellinzona,100,6616,Switzerland
בלמונט סוונסי יונייטד,Belmont Swansea United,Belmont Swansea,100,23500,Australia
בלקבורן,Blackburn,Blackburn,100,67,England
בלקפול,Blackpool,League One,100,1356,England
בלשינה,Balshina,Belshina,100,3384,Belarus
במבר ברידג,Bamber Bridge,Bamber Bridge,100,7695,England
בן אקנון,Ben Aknoun,Ben Aknoun,100,10792,Algeria
בנבארי יונייטד,Benbari United,Banbury United,100,7696,England
בנבנטו,Benevento,Benevento,100,506,Italy
בנגלדש,Bangladesh,Bangladesh,100,1560,World
בנגקוק יונייטד,Bangkok United,Bangkok United,100,2770,Thailand
בני יהודה תא,Bnei Yehuda Tel,Bnei Yehuda,100,4508,Israel
בני סכנין,Bnei Sakhnin,Bnei Sakhnin,100,4481,Israel
בנתליי גרינס,Bentali Greens,Bentleigh Greens,100,3799,Australia
בסינגסטוק,Basingstoke,Basingstoke Town,100,7615,England
בראבו לובליאנה,Bravo Ljubljana,Bravo,100,4359,Slovenia
בראברנד,Brabrand,Brabrand,100,2071,Denmark
בראגה,Braga,SC Braga,100,217,Portugal
בראונשווייג,Braunschweig,Eintracht Braunschweig,100,744,Germany
בראן,Bran,Brann,100,319,Norway
ברבדוס,Barbados,Barbados,100,5527,World
ברגנץ,Bregenz,Schwarz-Weiß Bregenz,100,8259,Austria
ברדפורד,Bardford,Bradford,100,1343,England
ברה,Bera,Bra,100,9430,Italy
ברואדמידו,Broadmeadow,Broadmeadow Magic,100,10202,Australia
ברומלי,Bromley,League Two,100,1832,England
ברזיל,Brazil,Brazil,100,6,World
ברטון אלביון,Burton Albion,League One,100,748,England
בריושין,Brioshin,Stade Briochin,100,3229,France
בריטון פרי,Briton F.C,Briton Ferry,100,2201,Wales
בריי וונדררס,Bray Wanderers,Bray Wanderers,100,3847,Ireland
בריידבליק,Brideblick,Breidablik,100,276,Iceland
ברייטון,Brighton,Brighton,100,51,England
בריינטרי,Braintree,Braintree,100,1831,England
בריסביין רוארס,Brisbane Roar,Brisbane Roar,100,947,
בריסטול סיטי,Bristol City,Bristol City,100,56,England
ברמר,Bremer,Bremer SV,100,1630,Germany
ברנטווד,Brentwood,Brentwood Town,100,7216,England
ברנטפורד,Brentford,Brentford,100,55,England
ברנלי,Burnley,Burnley,100,44,England
ברנלי עד 21,Burnley U-21,Burnley U21,100,20081,England
ברצלונה,Barcelona,UEFA Champions League,100,529,World
ברקהמסטד,Berkhamsted,Berkhamsted,100,7214,England
בשיקטאש,Besiktas,Beşiktaş,100,549,Turkey
גאבון,Gabon,Gabon,100,1503,World
גאזל דה גארוה,Gazelle de Garou,Gazelle,100,15566,Cameroon
גאיס,Gaias,Gais,100,2170,Sweden
גאלוואי,Galway,Galway United,100,3851,Ireland
גאנגוון,Gangwon,Gangwon FC,100,2746,South-Korea
גאנה,Ghana,Ghana,100,1504,World
גו אהד איגלס,Go Ahed Eagles,GO Ahead Eagles,100,410,Netherlands
גוביו,Gubio,Gubbio,100,866,Italy
גוואדלופ,Guadeloupe,Guadalupe FC,100,821,Costa-Rica
גוואדלחרה,Guadalajara,Guadalajara,100,9900,Spain
גוואטמלה,Guatemala,Guatemala,100,5161,World
גוואנגגו,Gwangju,Gwangju FC,100,2759,South-Korea
גווידוניה מונטצליו,Guidonia Monteglio,Guidonia Montecelio 1937,100,882,Italy
גויאנה,Guyana,Guyana,100,5162,World
גולד קואסט נייטס,Gold Quest Knights,Gold Coast Knights,100,10215,Australia
גונבוק מוטורס,Jeonbuk Motors,K League 1,100,2762,South-Korea
גוקולם קרלה,Gokulam Kerala,Gokulam,100,3464,India
גורניק,Gornik,Gornik Zabrze,100,340,Poland
גורניק לצנה,Gornik Leczna,Górnik Łęczna,100,6941,Poland
גזישיר גזיינטפ,Gaziantep FK,Süper Lig,100,3573,Turkey
גיאורגיה,Georgia,Georgia,100,1104,World
גיאורגיה עד 21,Georgia until 21,Georgia U21,100,8195,World
גיאנה ארמיניו,Gianna Arminio,Giana Erminio,100,865,Italy
גיבוטי,Djibouti,Djibouti,100,1535,World
גיברלטר,Gibraltar,Gibraltar,100,1093,World
גיוגוליאנו 1928,Giuliano 1928,Giugliano,100,9556,Italy
גייטסהד,Gateshead,Gateshead,100,1823,England
גיינסבורו,Gainsborough,Gainsborough Trinity,100,4691,England
גייסלי,Guiseley,Guiseley AFC,100,1824,England
גירונה,Girona,Girona,100,547,Spain
גלאוססטר,Gloucester,Gloucester City,100,8653,England
גלאטסראיי,Galatasaray,Galatasaray,100,645,Turkey
גלזגו ריינגרס,Glasgow Rangers,Rangers,100,257,Scotland
גלנטורן,Glentoran,Premiership,100,5352,Northern-Ireland
גלקסי,Galaxy,TS Galaxy,100,8074,South-Africa
גמבה אוסאקה,Gamba Osaka,Gamba Osaka,100,293,Japan
גמביה,Gambia,Gambia,100,1492,World
גמייקה,Jamaica,Jamaica,100,2385,World
גמשדפור,Jamshedpur,Jamshedpur,100,3476,India
גנגאן,Gangan,Gangan,100,4415,Guinea
גנואה,Genoa,Serie A,100,495,Italy
גנט,Ghent,Gent,100,631,Belgium
גנק,Genk,UEFA Europa League,100,742,World
גראסהופרס,Grasshoppers,Grasshoppers,100,1013,Switzerland
גרייזר,Grazer,Grazer AK,100,4256,Austria
גרימסבי,Grimsby,League Two,100,1365,England
גרמיו,Germio,Gremio,100,130,Brazil
גרמניה,Germany,Germany,100,25,World
גרמניה עד 19,Germany until 19,Germany U19,100,10336,World
גרנאדה,Granada,Granada,100,22018,Spain
גרנובל,Grenoble,Ligue 2,100,101,France
דאלאס,Dallas,FC Dallas,100,1597,USA
דאמאק,Damac,Damac,100,2956,Saudi-Arabia
דאנדנונג סיטי,Dandenong City,Dandenong City,100,3800,Australia
דאנפרמלין אתלטיק,Dunfermline Athletic,Dunfermline,100,1388,Scotland
דה גראפשחאפ,The Grappschap,De Graafschap,100,199,Netherlands
דוברבה זגרב,Duberba Zagreb,Dubrava Zagreb,100,6255,Croatia
דווה יונייטד,Deva United,Dewa United,100,17902,Indonesia
דולוויץ,Dulwich,Dulwich Hamlet,100,8149,England
דולומיטי בלונזי,Dolomites in Belonzi,Dolomiti Bellunesi,100,17820,Italy
דונייסקה סטרדה,Doneiska Strada,Dunajska Streda,100,2257,Slovakia
דונקסטר,Doncaster,Doncaster,100,1354,England
דוקלה פראג,Dukla Prague,Dukla Praha,100,3715,Czech-Republic
דורדרכט,Dordrecht,Dordrecht,100,409,Netherlands
דורנבירן,Dornbirn,Dornbirn,100,4255,Austria
דורקינג וונדררס,Dorking Wanderers,Dorking Wanderers,100,8659,England
די.סי. יונייטד,DC United,DC United,100,1615,USA
דיאמונד הארבור,Diamond Harbor,Diamond Harbour,100,21601,India
דיורגרדן,Diyurgarden,Djurgardens IF,100,364,Sweden
דיושגורי,Diosghori,Diosgyori VTK,100,2393,Hungary
דיזון,Dizon,Dijon,100,89,France
דינמו בוקרשט,Dinamo Bucuresti,Liga I,100,635,Romania
דינמו ברסט,Dynamo Brest,Dinamo Brest,100,386,Belarus
דינמו דרזדן,Dynamo Dresden,Dynamo Dresden,100,183,Germany
דינמו זגרב,Dinamo Zagreb,Dinamo Zagreb,100,620,Croatia
דינמו מוסקבה,Dynamo,Cup,100,1088,Russia
דינמו קייב,Dynamo Kyiv,Dynamo Kyiv,100,572,Ukraine
דליאן זישינג,Dalian Zixing,Dalian Zhixing,100,21263,China
דן האג,Dan Haag,ADO Den Haag,100,198,Netherlands
דנדאלק,Dundalk,Dundalk,100,584,Ireland
דנדי יונייטד,Dundee United,Dundee Utd,100,1386,Scotland
דנדנונג תאנדר,Dandenong Thunder,Dandenong Thunder,100,3801,Australia
דנדר,Dender,Dender,100,6215,Belgium
דנוביו,Danube,Danubio,100,2352,Uruguay
דנייפר מוגילב,Dnieper Mogilev,FC Dnepr Mogilev,100,384,Belarus
דנמרק,Denmark,Denmark,100,21,World
דנמרק עד 19,Denmark until 19,Denmark U19,100,10331,World
דפורטיבו גרסילסו,Deportivo Gracilso,Deportivo Garcilaso,100,20960,Peru
דפורטיבו לה גואירה,Deportivo La Guaira,Deportivo La Guaira,100,2813,Venezuela
דפורטיבו לה קורוניה,Deportivo La Coruna,Deportivo La Coruna,100,544,Spain
דפורטיבו פריירה,Deportivo Ferreira,Deportivo Pereira,100,1462,Colombia
דפורטיבו קאלי,Deportivo Cali,Deportivo Cali,100,1127,Colombia
דפורטיבו רייסטרה,Dpvrtibv Riistrh,Deportivo Riestra,100,476,Argentina
דפורטיבו רינקון,Deportivo Rincon,Deportivo Rincon,100,1959,Argentina
דפורטס לה סרנה,Deportes La Serena,D. La Serena,100,2341,Chile
דפורטס קווינדיו,Deportes Quindio,Quindio,100,1461,Colombia
דפנסורס דה בלגראנו,Defensores de Belgrano,Defensores De Belgrano,100,1067,Argentina
דרבי קאונטי,Derby County,Derby,100,69,England
דרבן סיטי,Durban City,Durban City,100,24757,South-Africa
דרוגהדה יונייטד,Drogheda United,Drogheda United,100,3850,Ireland
דרוכטרסן/אסל,SV Drochtersen/Assel,Regionalliga - Nord,100,1623,Germany
דרום אפריקה,South Africa,South Africa,100,1531,World
דרום סודאן,South Sudan,South Sudan,100,1496,World
דרום קוריאה,South Korea,South Korea,100,17,World
דרי סיטי,Derry City,Derry City,100,670,Ireland
דרלינגטון,Darlington,Darlington 1883,100,10157,England
דרמשטאדט,Darmstadt,SV Darmstadt 98,100,181,Germany
האדרספילד,Haderesfield,Huddersfield,100,37,England
האיטי,Haitian,Haiti,100,2386,World
האנובר,Hanover,Hannover 96,100,166,Germany
האנקופן האלינג,Ankofen Halling,Hankofen-Hailing,100,12780,Germany
הארטברג,Hartberg,TSV Hartberg,100,1072,Austria
הארטלפול,Hartlepool,Hartlepool,100,1366,England
הארטס,Harts,Heart Of Midlothian,100,254,Scotland
הבנט אנד ווטרלוביל,Bennett & Waterlooville,Havant & Wville,100,1843,England
הואסקה,Huesca,Segunda División,100,726,Spain
הוליוול טאון,Holywell Town,Holywell,100,6459,Wales
הולנד,Netherlands,Netherlands,100,1118,World
הולנד עד 19,Netherlands until 19,Netherlands U19,100,10340,World
הולשטיין קיל,Holstein Kiel,Holstein Kiel,100,191,Germany
הומבורג,Homburg,FC 08 Homburg,100,1634,Germany
הונגריה,Hungary,Hungary,100,769,World
הונגריה עד 19,Hungary until 19,Hungary U19,100,10365,World
הונגריה עד 21,Hungary until 21,Hungary U21,100,16500,World
הונדורס,Honduras,Honduras,100,4672,World
הופנהיים,Hoffenheim,1899 Hoffenheim,100,167,Germany
הופנהיים חובבים,Hoffenheim amateurs,Hoffenheim II,100,9364,Germany
היברניאן,Hibernian,Hibernian,100,249,Scotland
היידלברג יונייטד,Heidelberg United,Heidelberg United,100,3803,Australia
היידנהיים,Heidenheim,1. FC Heidenheim,100,180,Germany
הלמונד ספורט,Helmond Sport,Eerste Divisie,100,424,Netherlands
הלסינגבורג,Helsingborg,Helsingborg,100,811,Sweden
הלסינגור,Helsingor,FC Helsingor,100,2062,Denmark
המבורג,Hamburg,Hamburger SV,100,175,Germany
הנוול טאון,Nevel Town,Hanwell Town,100,7645,England
הפועל באר שבע,Hapoel Beer Sheva,Hapoel Beer Sheva,100,563,Israel
הפועל חדרה,Hapoel Hadera,Hapoel Hadera,100,4500,Israel
הפועל חיפה,Hapoel Haifa,Hapoel Haifa,100,2253,Israel
הפועל ירושלים,Hapoel Jerusalem,Hapoel Jerusalem,100,4504,Israel
הפועל כפר סבא,Hapoel Kfar Saba,Hapoel Kfar Saba,100,4497,Israel
הפועל כפר שלם,Hapoel Kfar Shalem,Hapoel Kfar Shalem,100,6160,Israel
הפועל נוף הגליל,Hapoel Nof HaGilil,Hapoel Azor,100,6146,Israel
הפועל עכו,Hapoel Acre,Hapoel Acre,100,4482,Israel
הפועל עפולה,Hapoel Afula,Hapoel Afula,100,4483,Israel
הפועל פתח תקוה,Hapoel Petah Tikva,Hapoel Petah Tikva,100,4488,Israel
הפועל ראשון לציון,Hapoel Rishon LeZion,Hapoel Rishon LeZion,100,4491,Israel
הפועל רמת גן,Hapoel Ramat Gan,Hapoel Ramat Gan,100,4489,Israel
הפועל רעננה,Hapoel Ra'anana,Hapoel Ra'anana,100,4509,Israel
הפועל תל אביב,Hapoel Tel Aviv,Hapoel Tel Aviv,100,4501,Israel
הראקלס,Heracles,Eredivisie,100,206,Netherlands
הרוגייט טאון,Harrogate Town,League Two,100,1842,England
הרטה זהלנדורף,Hertha Zehlendorf,Hertha Zehlendorf,100,12786,Germany
הרמנשטאדש,Hermannstadt,AFC Hermannstadt,100,2579,Romania
הרפובליקה הדומיניקנית,Dominican Republic,Dominican Republic,100,5532,World
הרפובליקה הדמוקרטית של קונגו,Democratic Republic of the Congo,Congo DR,100,1508,World
הרפורד,Hereford,Hereford,100,4692,England
הרקולס,Hercules,Hércules,100,4666,Spain
ואדוז,Vaduz,FC Vaduz,100,660,Switzerland
ואסקו דה גמא,Vasko de Gama,Vasco DA Gama,100,133,Brazil
ואקר אינסברוק,Wacker Innsbruck,Wacker Innsbruck,100,1073,Austria
וארברג,Warberg,Varbergs BoIS FC,100,2171,Sweden
ווטפורד,Watford,Championship,100,38,England
ווטרפורד,Waterford,Waterford,100,3845,Ireland
וויגאן,Wigan,League One,100,61,England
וויילס,Wales,Wales,100,767,World
וויילס עד 21,Wales up to 21,Wales U21,100,8229,World
וויימות,Weymouth,Weymouth,100,8665,England
ווילם,Willem,Willem II,100,195,Netherlands
ווימבלדון,Wimbledon,AFC Wimbledon,100,1333,England
וולבס,Wolves,Wolves,100,39,England
וולגה אולניאנובסק,Volga Ulyanovsk,Volga Ulyanovsk,100,6834,Russia
וולדורף מנהיים 07,Waldorf Mannheim 07,Waldhof Mannheim,100,4268,Germany
וולדסטון,Waldston,Wealdstone,100,8663,England
וולטון,Walton,Walton & Hersham,100,8986,England
וולינגטון פניקס,Wellington Phoenix,Wellington Phoenix,100,942,Australia
וולנדאם,Volendam,FC Volendam,100,416,Netherlands
וולסול,Walsall,Walsall,100,1342,England
וולפסבורג,Wolfsburg,VfL Wolfsburg,100,161,Germany
וולפסברגר,Wolfsburger,Wolfsberger AC,100,1025,Austria
ווסט ברומיץ,West Bromwich,West Brom,100,60,England
ווסטהאם,West Ham,West Ham,100,48,England
ווסטון,Weston,Weston-super-Mare,100,4687,England
ווסטון וורקרס,Weston Workers,Weston Bears,100,10210,Australia
ווסטרלו,Westerlo,KVC Westerlo,100,261,Belgium
ווסטרן סידני,Western Sydney,Western Sydney Wanderers,100,939,Australia
ווקינג,Woking,Woking,100,1836,England
ווקספורד,Wexford,Wexford,100,3855,Ireland
וורינגתון ריילנדס,Warrington Rylands,Rylands,100,8918,England
וורצברגר קיקרס,Wurtzberger Kickers,Würzburger Kickers,100,784,Germany
וורתינג,Worthing,Worthing,100,7761,England
וי.אפ.בי אולדנבורג,V. F. B. Oldenburg,VfB Oldenburg,100,9347,Germany
וי.פי.אס,V.P.S,VPS,100,650,Finland
ויאדוליד,Valladolid,Valladolid,100,720,Spain
ויאריאל,Villarreal,La Liga,100,533,Spain
ויבורג,Vyborg,Viborg,100,2070,Denmark
וידזב לודז,Widzew Lodz,Widzew Łódź,100,6962,Poland
וייטנאם,Vietnam,Vietnam,100,1542,World
ויילה,Vejle,Superliga,100,395,Denmark
ויינגייט & פינצלי,Wingate & Pinzley,Wingate & Finchley,100,7759,England
וילפרנש,Villefranche,Villefranche,100,1302,France
וינטרתור,Winterthur,FC Winterthur,100,2180,Switzerland
ויסלה פלוצק,Wisla Plock,Wisla Plock,100,341,
ויסלה קראקוב,Wisla Krakow,Wisla Krakow,100,338,Poland
ויקטוריה פלזן,Victoria Plzen,Plzen,100,567,Czech-Republic
ויקינג,Viking,NM Cupen,100,759,Norway
ויקינגור גוטה,Vikingur Gota,Vikingur Gota,100,580,Faroe-Islands
ויקינגור רקיאוויק,Vikingur Reykjavík,Vikingur Reykjavik,100,278,Iceland
וירטוס אנטלה,Virtus Entella,Serie B,100,527,Italy
וירטוס ורונה,Virtus Verona,Virtus Verona,100,1707,
ולאסים,Vlasim,Vlašim,100,3730,Czech-Republic
ולז סארספילד,Velez Sarsfield,Velez Sarsfield,100,438,Argentina
ולנסיה,Valencia,Valencia,100,532,Spain
ולרנגה,Valrenge,Valerenga,100,326,Norway
ונצואלה,Venezuela,Venezuela,100,2379,World
ונקובר,Vancouver,Vancouver Whitecaps,100,1603,USA
וסטרי,vestry,Vestri,100,4165,Iceland
ורדר ברמן,Werder Bremen,Werder Bremen,100,162,Germany
ורונה,Verona,Hellas Verona,100,504,Italy
ורזדין,and Razdin,NK Varazdin,100,1483,Croatia
ורסלייז,Versailles,Versailles,100,3131,France
זאגורה,Zagora,Zagora,100,5731,Croatia
זגלבי לובין,Zaglavi Lubin,Zaglebie Lubin,100,345,Poland
זומאן,Zoman,Zoman,100,22584,Ivory-Coast
זיל ויסנטה,Zil Vicente,GIL Vicente,100,762,Portugal
זילינה,Žilina,Cup,100,3554,Slovakia
זלצבורג,Salzburg,Red Bull Salzburg,100,571,Austria
זמלק,Zamalek,Zamalek SC,100,1040,Egypt
זניט סט. פטרסבורג,Zenit,Cup,100,596,Russia
זניץ פרושקוב,Znicz Pruszków,Znicz Pruszków,100,6964,
חברובסק,Khabarovsk,Ska-khabarovsk,100,1087,Russia
חוף השנהב,Ivory Coast,Ivory Coast,100,1501,World
חטאפה,Getafe,Getafe,100,546,Spain
חליאבינסק,Khlyabinsk,Chelyabinsk,100,6790,Russia
טאגראנונג יוניטד,Tagranong United,Tuggeranong United,100,1447,Australia
טאוטה,Tauta,Teuta Durrës,100,3320,Albania
טאורו,Tauro,Tauro FC,100,2885,Panama
טאלה אל גאיש,Tala El Gaish,El Geish,100,1039,Egypt
טאמוורת,Tamworth,Tamworth,100,7752,England
טאמקה,Tameka,Tammeka,100,3530,Estonia
טוונטה,Twente,Twente,100,415,Netherlands
טוטנהאם,Tottenham,UEFA Champions League,100,47,World
טולוז,Toulouse,Toulouse,100,96,France
טולסה,Tulsa,FC Tulsa,100,4022,USA
טון ברידג,Ton Bridge,Tonbridge Angels,100,8662,England
טונדלה,Tundla,Tondela,100,218,Portugal
טוניסיה,Tunisia,Tunisia,100,28,World
טוקיו ורדי,Tokyo Verdi,Tokyo Verdy,100,306,Japan
טורונטו,Toronto,Toronto FC,100,1601,USA
טורינו,Turin,Torino,100,503,Italy
טורס,Torres,Torres,100,9534,Italy
טורפדו זודינו,Torpedo Zodino,Torpedo Zhodino,100,385,Belarus
טורפדו מוסקבה,Torpedo Moscow,Torpedo Moskva,100,3985,Russia
טורקווי,Torquay,Torquay,100,1827,England
טורקיה עד 19,Turkey until 19,Turkey U19,100,10351,World
טיאנגין,Tianjin,Tianjin Teda,100,837,China
טיברטון טאון,Tiverton Town,Tiverton Town,100,7753,England
טיגרה,Tigra,Tigre,100,452,Argentina
טיגרס,Tigers,Tigers,100,5367,Namibia
טלנטה,Talent,Talanta,100,17897,Kenya
טלסטאר,Telstar,Telstar,100,427,Netherlands
טראנמיר רוברס,Tranmere,League Two,100,1381,England
טראפני,Trapani,Trapani,100,803,Italy
טרבזונספור,Trabzonspor,Süper Lig,100,998,Turkey
טרואה,Troy,Estac Troyes,100,110,France
טרואל,Truel,Teruel,100,5278,Spain
טרומסו,Tromsø,Tromso,100,325,Norway
טריאסטינה 1918,Triestina 1918,Triestina,100,877,Italy
טריטי יונייטד,Treaty United,Treaty United,100,16498,Ireland
טרינידד וטובאגו,Trinidad and Tobago,Trinidad and Tobago,100,5168,Trinidad-And-Tobago
טריסטאן סוארז,Tristan Suarez,Tristan Suarez,100,1965,Argentina
טרנטו,Taranto,Trento,100,17147,Italy
יאבור איבניצה,Yavor Ivanita,Javor,100,2653,Serbia
יאנג בויז,Young Boys,BSC Young Boys,100,565,Switzerland
יו.סי.דבלין,UC Dublin,UCD,100,3844,Ireland
יובה סטאביה,Juve Stabia,Serie B,100,863,Italy
יובנטוס,Juventus,Juventus,100,496,Italy
יובנטוס עד 23,Juventus until 23,Juventus U23,100,1715,Italy
יוון,Greece,Greece,100,1117,World
יוון עד 19,Greece until 19,Greece U19,100,10364,World
יוסטון,Houston,Houston Dynamo,100,1600,USA
יוקוהמה מרינוס,Yokohama Marinos,Yokohama F. Marinos,100,296,Japan
יורק סיטי,York City,York,100,1828,England
ייט טאון,Yacht Town,Yate Town,100,7762,England
ינטרה גברובו,Yantra Gabrovo,Yantra Gabrovo,100,8554,Bulgaria
יפן,Japan,Japan,100,12,World
ירדן,Jordan,Jordan,100,1548,World
ישראל,Israel,Israel,100,1116,World
ישראל עד 21,Israel until 21,Israel U21,100,8200,World
כרונינגן,Croningen,Groningen,100,202,Netherlands
לאבאל,Laval,Ligue 2,100,433,France
לאנוס,Lanús,Lanus,100,446,Argentina
לאס פלמאס,Las Palmas,Las Palmas,100,534,Spain
לאסק לינץ,Lask Linz,Cup,100,1026,Austria
לאציו,Lazio,Lazio,100,487,Italy
לאריסה,Larisa,Larisa,100,953,Greece
לארנה,Larnah,Larne,100,5354,Northern-Ireland
לבאדיה טאלין,To Badia Tallinn,FC Levadia Tallinn,100,2273,Estonia
לבאנטה,Levante,Levante,100,539,Spain
לבסקי סופיה,Levski Sofia,Levski Sofia,100,646,Bulgaria
לה האבר,Le Havre,Le Havre,100,111,France
לה מאן,Le Mans,Le Mans,100,1298,France
לה פוי,Le Foy,Le Puy Foot,100,3069,France
לוגאנו,Lugano,FC Lugano,100,606,Switzerland
לודוגורץ,Ludogorets,Ludogorets,100,566,Bulgaria
לוטון,Luton,Luton,100,1359,England
לוס אנגלס אפ.סי,Los Angeles FC,Los Angeles FC,100,1616,USA
לוס אנגלס גלקסי,Los Angeles Galaxy,Los Angeles Galaxy,100,1605,USA
לוס צנקאס,Los Tsencas,Club Deportivo Los Chankas,100,2572,Peru
לוסטנאו,Lustenau,Lustenau,100,8361,Austria
לוקומוטיב טשקנט,Locomotive Tashkent,Lokomotiv,100,3695,Uzbekistan
לוקומוטיב לייפציג,Leipzig locomotive,Lokomotive Leipzig,100,9355,Germany
לוקומוטיב מוסקבה,Lokomotiv,Cup,100,597,Russia
לוקומוטיב סופיה,Lokomotiv Sofia,First League,100,1416,Bulgaria
לוקומוטיב פלובדיב,Lokomotiv Plovdiv,Lokomotiv Plovdiv,100,858,
לוקומוטיבה זאגרב,Lokomotiva Zagreb,NK Lokomotiva Zagreb,100,1017,Croatia
לוקסמבורג,Luxembourg,Luxembourg,100,1102,World
לטביה,Latvia,Latvia,100,1092,World
לטביה עד 21,Latvia until 21,Latvia U21,100,8204,World
לטינה 1932,Latina 1932,Latina,100,804,Italy
ליאונינג שניאנג אורבן,Liaoning Shenyang Urban,Shenyang Urban,100,5684,China
ליבורנו,Livorno,Livorno,100,868,Italy
ליבינגסטון,Livinston,Livingston,100,255,Scotland
ליברפול,Liverpool,Liverpool,100,40,England
ליברפול מונטווידאו,Liverpool Montevideo,Liverpool Montevideo,100,2358,Uruguay
לידס,Leeds,Leeds,100,63,England
ליון,Lyon,Lyon,100,80,France
ליטא,Lithuania,Lithuania,100,1097,World
ליטא עד 21,Lithuania until 21,Lithuania U21,100,8206,World
לייפציג,Leipzig,RB Leipzig,100,173,Germany
ליכטנשטיין,Liechtenstein,Liechtenstein,100,1107,Liechtenstein
לימינגטון,Leamington,Leamington,100,8656,England
לינפילד,Linpild,Linfield,100,583,Northern-Ireland
לינקולן,Lincoln,Lincoln,100,1379,England
לכיה גדנסק,Lachia Gdansk,Lechia Gdansk,100,343,Poland
למונטוויל גולדן ארוס,MontoVille Golden Eagles,Golden Arrows,100,2690,South-Africa
למפון ווריורס,Lampoon Warriors,Lamphun Warrior,100,6572,Thailand
לנדסקרונה,Landskrona,Landskrona BoIS,100,2176,Sweden
לנלי,Lanelli,llanelli AFC,100,355,Wales
לסוטו,Lesotho,Lesotho,100,1518,World
לסטר,Lester,Leicester,100,46,England
מ.ט.ק. בודפשט,M.T.K. Budapest,MTK Budapest,100,2396,Hungary
מ.ס. אשדוד,tax. Ashdod,Ashdod,100,4507,Israel
מ.ס. קרית ים,tax. Kiryat Yam,Kiryat Yam SC,100,20105,Israel
מאונט פלזנט,Mount Pleasant,Mount Pleasant Academy,100,3442,Jamaica
מאוריציוס,Mauritius,Mauritius,100,1497,World
מאיורקה,Majorca,Mallorca,100,798,Spain
מאלי,Mali,Mali,100,1500,World
מאלמו,Malmo,Malmo FF,100,375,Sweden
מאסאר,Masar,Masar,100,25468,Egypt
מאקארתור,MacArthur,Macarthur,100,15550,Australia
מארומו גאלאנטס,Marumo Gallants,Premier Soccer League,100,2682,South-Africa
מאריבור,Maribor,Maribor,100,552,Slovenia
מארין,Marine,Marine,100,7656,England
מארסיי,Marseille,Marseille,100,81,France
מאתרוול,Matherwell,Motherwell,100,256,Scotland
מגדבורג,Magdeburg,1. FC Magdeburg,100,179,Germany
מואנג טונג יונייטד,Muang Tong United,Muangthong United,100,2786,Thailand
מודנה,Modena,Modena,100,899,Italy
מוחמדן,Mohammedan,Mohammedan,100,15585,India
מוטור לובלין,Motor Lublin,Motor Lublin,100,14562,Poland
מולדובה,Moldova,Moldova,100,1114,World
מומבאי סיטי,Mumbai City,Mumbai City,100,3478,
מונאקו,Monaco,Monaco,100,91,France
מונארו פנתרס,Monaro Panthers,Monaro Panthers,100,1453,Australia
מונופולי,Monopoly,SS Monopoli,100,10138,Italy
מונזה,Monza,Serie B,100,1579,Italy
מונטווידאו וונדררס,Montevideo Wanderers,Wanderers,100,2360,Uruguay
מונטנגרו,Montenegro,Montenegro,100,1109,World
מונטנגרו עד 21,Montenegro until 21,Montenegro U21,100,8210,World
מונטנה,Montana,Montana,100,1424,Bulgaria
מונטריאול,Montreal,CF Montreal,100,1614,USA
מונטריי,Monterey,Monterrey,100,2282,Mexico
מוניציפל ליבריה,Liberia Municipal,Municipal Liberia,100,826,Costa-Rica
מונסטר,Monster,Preußen Münster,100,1313,Germany
מונפלייה,Montpellier,Montpellier,100,82,France
מוריירנסה,Moreiraense,Moreirense,100,215,Portugal
מורקאמב,Morecambe,Morecambe,100,1375,England
מטלוגלובוס בוקרשט,Metaloglobos Bucharest,Metaloglobus,100,2604,Romania
מיגורי,Migori,Migori Youth,100,19484,Kenya
מידטיילנד,Midland,Midland,100,1963,Argentina
מידלסברו,Middlesbrough,Middlesbrough,100,70,England
מיטו הוליהוק,Mito Hollyhock,Mito Hollyhock,100,305,Japan
מיידז לזניקה,Miedz Leznica,Miedz Legnica,100,335,Poland
מיידנהד,Maidenhead,Maidenhead,100,1838,England
מיינץ,Mainz,FSV Mainz 05,100,164,Germany
מיכלובצה,Michalovce,Zemplín Michalovce,100,3552,Slovakia
מילאן,Milan,AC Milan,100,489,Italy
מילוול,Millwall,Millwall,100,58,England
מילטון קינס דונס,Milton Keynes Dons,Milton Keynes Dons,100,1348,England
מינסוטה יונייטד,Minnesota United,Minnesota United FC,100,1612,USA
מיראנדס,Mirandas,Mirandes,100,799,Spain
מכבי הרצליה,Maccabi Herzliya,Maccabi Herzliya,100,4503,Israel
מכבי חיפה,Maccabi Haifa,Maccabi Haifa,100,4195,Israel
מכבי נתניה,Maccabi Netanya,Maccabi Netanya,100,4505,Israel
מכבי פתח תקוה,Maccabi Petah Tikva,Maccabi Petah Tikva,100,4495,Israel
מכבי קביליו יפו,Maccabi Cabilio Jaffa,Maccabi Yavne,100,6200,Israel
מכבי תל אביב,Maccabi Tel Aviv,Maccabi Tel Aviv,100,604,Israel
מלאגה,Málaga,Malaga,100,535,Spain
מלאדה בולסלאב,Mlada Boleslav,Mlada Boleslav,100,640,Czech-Republic
מלבורן ויקטורי,Melbourne Victory,Melbourne Victory,100,944,Australia
מלבורן סיטי,Melbourne City,Melbourne City,100,945,
מלבורן סיטי 2,Melbourne City 2,Melbourne City II,100,20783,Australia
מלטה,Malta,Malta,100,1112,World
ממינגן,Memmingen,Memmingen,100,9331,Germany
ממלודי סאנדאונס,Mamelodi Sundowns,Premier Soccer League,100,2699,South-Africa
מנטובה 1911,Mantova,Serie B,100,1693,Italy
מנלי יונייטד,Manly United,Manly United,100,3767,Australia
מנספילד,Mansfield,Mansfield Town,100,1374,England
מנצסטר יונייטד,Manchester United,Premier League,100,33,England
מנצסטר סיטי,Manchester City,UEFA Champions League,100,50,World
מץ,Metz,Metz II,100,9942,France
מצרים,Egypt,Egypt,100,32,World
מקדוניה הצפונית,North Macedonia,FYR Macedonia,100,1105,World
מקסיקו,Mexico,Mexico,100,16,World
מרבלה,Marbella,Marbella,100,5267,Spain
מרוקו,Morocco,Morocco,100,31,World
מרתון סן פדרו,Marathon San Pedro,CD Marathon,100,1050,Honduras
נאגויה גרמפוס,Nagoya Grampus,Nagoya Grampus,100,288,Japan
נאנט,Nantes,Nantes,100,83,France
נאנסי,Nancy,Ligue 2,100,102,France
נאסאף,Nassaf,Nasaf,100,4215,Uzbekistan
נאסיונל,National,Club Nacional,100,2356,Uruguay
נאסיונל אסונסיון,Nacional Asuncion,Nacional Asuncion,100,1175,Paraguay
נאסיונל מדיירה,Nacional Madeira,Nacional,100,225,Portugal
נאפולי,Napoli,Serie A,100,492,Italy
נאפטן נובופולוצק,Naftan Novopolotsk,Naftan,100,750,Belarus
נאשוויל,Nashville,Nashville,100,4002,USA
נאשיונל בנק,National Bank,National Bank of Egypt,100,15570,Egypt
נגאסקי,Nagasaki,V-varen Nagasaki,100,285,Japan
נובארה,Novara,Novara,100,513,Italy
נובה איגונצו,Nova Iguaçu,Copa Do Brasil,100,7782,Brazil
נובי טארג,Novi Targ,Podhale Nowy Targ,100,12834,Poland
נוטינגהאם פורסט,Nottingam Forest,Nottingham Forest,100,65,England
נוטס קאונטי,Notts County,Notts County,100,1376,England
נוישאטל קסאמקס,Neuchatel Xamax,Neuchatel Xamax FC,100,1015,Switzerland
נורבגיה,Norway,Norway,100,1090,World
נורבגיה עד 19,Norway until 19,Norway U19,100,10342,World
נורדרשטט,Norderstedt,Eintracht Norderstedt,100,1631,Germany
נוריץ,Norwich,Championship,100,71,England
נורתאיסט יונייטד,Northeast United,NorthEast United,100,3479,India
נורתהמפטון,Northampton,League One,100,1337,England
ניגריה,Nigeria,Nigeria,100,19,World
ניו אינגלנד,New England,New England Revolution,100,1609,USA
ניו זילנד,New Zealand,New Zealand,100,4673,New-Zealand
ניו יורק סיטי,New York City,New York City FC,100,1604,USA
ניו יורק רד בולס,New York Red Bulls,New York Red Bulls,100,1602,USA
ניו מקסיקו יונייטד,New Mexico United,New Mexico United,100,4003,USA
ניוטאון,Newtown,Newtown AFC,100,358,Wales
ניופורט קאונטי,Newport County,League Two,100,1367,England
ניוקאסל,Newcastle,UEFA Champions League,100,34,World
ניזני נובוגרד,Nizny Novograd,Nizhny Novgorod,100,2011,Russia
ניימיכן,Nijmegen,NEC Nijmegen,100,413,Netherlands
ניס,nice,Nice,100,84,France
נירנברג,Nirnberg,1. FC Nürnberg,100,171,Germany
נירנברג חובבים,Nürnberg amateurs,Nürnberg II,100,9332,Germany
נסראווה יונייטד,Nasarawa United,Nasarawa United,100,5188,Nigeria
נפטצי באקו,Naftatsi Baku,Neftchi Baku,100,2270,Azerbaijan
סאאלפלדן,Saalfelden,Pinzgau Saalfelden,100,4980,Austria
סאו ברנרדו,São Bernardo,Copa Do Brasil,100,7865,Brazil
סאות מלבורן פ.צ,South Melbourne P.C,South Melbourne,100,3811,Australia
סאותהמפטון,Southampton,Championship,100,41,England
סאותנד יונייטד,Southend United,Southend,100,1341,England
סאותפורט,Southport,Southport,100,1826,England
סאן פרנסיסקו אף.סי,San Francisco FC,San Francisco FC,100,2887,Panama
סארה,Ceara,Copa Do Brasil,100,129,Brazil
סארמיינטו,Sarmiento,Sarmiento Junin,100,474,Argentina
סארפסבורג,Sarpsburg,Sarpsborg 08 FF,100,333,Norway
סבח,Sabah,Sabah FA,100,13976,Azerbaijan
סביליה,Seville,Sevilla,100,536,Spain
סביליה אתלטיקו,Sevilla Atlético,Sevilla Atletico,100,730,Spain
סוגדיאנה,Sogdiana,Sogdiana,100,4223,Uzbekistan
סוואן סיטי,Swan City,Swan City,100,21291,USA
סווינדון,Swindon,Swindon Town,100,1353,England
סוונסי,Swansea,Swansea,100,76,England
סוחותאי,Sukhotai,Sukhothai FC,100,2783,Thailand
סומליה,Somalia,Somalia,100,8050,World
סוננהוף,Sonnenhoff,SG Sonnenhof Grossaspach,100,1317,Germany
סופר נובה,super nova,Super Nova,100,4143,Latvia
סוקול סראטוב,Sokol Saratov,FK Sokol Saratov,100,1995,Russia
סורינאם,Suriname,Suriname,100,8171,Suriname
סורנטו,Sorrento,Sorrento,100,3823,Australia
סט טרוידן,St. Troyden,St. Truiden,100,735,Belgium
סט. אטיין,Set. Etienne,Saint Etienne,100,1063,France
סט. אלבאנס,Set. Albans,St Albans City,100,4708,England
סט. וינסנט,Set. Vincent,St. Vincent / Grenadines,100,5541,World
סט. לואיס סיטי,Set. Louis City,St. Louis City,100,20787,USA
סט. מירן,Set. Mirren,ST Mirren,100,251,Scotland
סט. פאולי,Set. Paulie,FC St. Pauli,100,186,Germany
סט. פולטן,St. Pölten,SKN ST. Polten,100,1027,Austria
סט. פטריק,Set. Patrick,St Patrick's Athl.,100,3843,Ireland
סטאד גבסין,Gabsin Stade,Stade Gabesien,100,985,Tunisia
סטאד ניון,Stade Nyon,Stade Nyonnais,100,6646,Switzerland
סטאל רזשזוב,Stal Rzeszów,Stal Rzeszów,100,6957,
סטאנדרד ליאז,Standard Liege,Standard Liege,100,733,Belgium
סטאנראר,Stanrar,Stranraer,100,6785,Scotland
סטבינייג,Stevenage,League One,100,1368,England
סטוק,Stock,Stoke City,100,75,England
סטוקברידג פארק,Stockbridge Park,Stocksbridge Park Steels,100,7252,England
סטוקטון טאון,Stockton Town,Stockton Town,100,8953,England
סטוקפורט,Stockport County,League One,100,4686,England
סטיארנן,Stearnan,Stjarnan,100,275,Iceland
סטלנבוש,Stellenbosch,Stellenbosch,100,4905,South-Africa
סטמפורד,Stamford,Stamford,100,4709,England
סטראפורד טאון,Strafford Town,Stratford Town,100,7750,England
סטרומן,Strowman,Strommen,100,2147,Norway
סיאול,Seoul,FC Seoul,100,2766,South-Korea
סיאטל,Seattle,Seattle Sounders,100,1595,USA
סיאנסיאנו,Cianciano,Cienciano,100,2562,Peru
סיגמה אולומוץ,Sigma Olomouc,Sigma Olomouc,100,2250,Czech-Republic
סיירה ליאונה,Sierra Leone,Sierra Leone,100,1499,World
סילקבורג,Silkburg,Silkeborg,100,2073,Denmark
סין,China,China,100,1566,China
סינסינטי,Cincinnati,FC Cincinnati,100,2242,USA
סיריוס,Sirius,Sirius,100,370,Sweden
סלביה פראג,Slavia Prague,Slavia Praha,100,560,Czech-Republic
סלובן ברטיסלבה,Slovenian Bratislava,Slovan Bratislava,100,656,Slovakia
סלובן ליברץ,Sloven Lieberts,Slovan Liberec,100,782,Czech-Republic
סלובניה,Slovenia,Slovenia,100,1091,World
סלובניה עד 19,Slovenia until 19,Slovenia U19,100,10348,World
סלובצקו,Slovacko,Slovácko,100,3719,Czech-Republic
סלובקיה,Slovakia,Slovakia,100,773,World
סלובקיה עד 19,Slovakia until 19,Slovakia U19,100,10347,World
סלטה ויגו,Salta Vigo,Celta Vigo,100,538,Spain
סלטיק,Celtic,Celtic,100,247,Scotland
סליגו רוברס,Sligo Rovers,Sligo Rovers,100,3842,Ireland
סלפורד סיטי,Salford City,Salford City,100,1844,England
סלרניטאנה,Salarnitana,Salernitana,100,514,Italy
סמוחה,Samuha,Smouha SC,100,1044,Egypt
סמסונספור,Samsonspor,Samsunspor,100,3603,Turkey
סמפדוריה,Sampdoria,Sampdoria,100,498,Italy
סן אנטוניו,San Antonio,San Antonio,100,4017,USA
סן חוזה ארתקווייק,San Jose Earthquake,San Jose Earthquakes,100,1596,USA
סן לורנצו,San Lorenzo,San Lorenzo,100,460,
סן מרינו,San Marino,San Marino,100,1115,World
סן מרקוס,San Marcos,San Marcos,100,23311,
סן פדרו,San Pedro,San-Pédro,100,4521,Ivory-Coast
סנגל,Senegal,Senegal,100,13,World
סנדהאוזן,Sandhausen,SV Sandhausen,100,189,Germany
סנדפיורד,Sandford,Sandefjord,100,332,Norway
סנדרלנד,Sunderland,Sunderland,100,746,England
סנדרלנד עד 21,Sunderland until 21,Sunderland U21,100,11915,England
סנטה קלרה אזורס,Santa Clara Azores,Santa Clara,100,227,Portugal
סנטוס,Santos,Santos,100,128,
סנטוס לאגונה,Santos Laguna,Santos Laguna,100,2285,Mexico
סנטרל אספניול,Central Espanyol,Central Espanol,100,2368,Uruguay
סנטרל קואסט,Central Coast,Central Coast Mariners,100,941,Australia
ססואולו,Sassuolo,Sassuolo,100,488,Italy
ספורט בויס,Sport Boys,Sport Boys,100,3699,
ספורט רסיפה,Sport Recife,Copa Do Brasil,100,123,Brazil
ספורטינג גיחון,Sporting Gijon,Sporting Gijon,100,731,Spain
ספורטינג דפנסור,Sporting Defensor,Defensor Sporting,100,2350,Uruguay
ספורטינג ליסבון,Sporting Lisbon,Sporting CP,100,228,Portugal
ספורטינג סן חוסה,Sporting San Jose,Sporting San Jose,100,2047,Costa-Rica
ספורטינג קלאב דלהי,Sporting Club Delhi,SC Delhi,100,26963,India
ספורטפרונדה לוטה 1929,Sportfronda Lotte 1929,Sportfreunde Lotte,100,1323,Germany
ספטמברי סופיה,Septemvri Sofia,First League,100,856,Bulgaria
ספנימור טאון,Spennymore Town,Spennymoor Town,100,4707,England
ספניש טאון פוליס,Spanish Town Police,Spanish Town Police,100,26495,Jamaica
ספציה,Spezia,Serie B,100,515,Italy
ספרד,Spain,Spain,100,9,World
ספרד עד 19,Spain until 19,Spain U19,100,10349,World
ספרטה רוטרדם,Sparta Rotterdam,Sparta Rotterdam,100,426,Netherlands
ספרטק וארנה,Spartak Varna,Spartak Varna,100,4660,Bulgaria
ספרטק טרנאבה,Spartak Tarnava,Spartak Trnava,100,1120,Slovakia
ספרטק מוסקבה,Spartak Moscow,Cup,100,558,Russia
ספרטק סובוטיצה,Spartak Subotica,FK Spartak Zdrepceva KRV,100,2251,Serbia
ספרטק פלאבן,Spartak Flavan,Spartak Pleven,100,1418,Bulgaria
ספרטק קוסטרומה,Spartak Kostroma,Spartak Kostroma,100,19449,Russia
סקאנתורפ,Skanthorpe,Scunthorpe,100,1340,England
סקוטלנד,Scotland,Scotland,100,1108,World
סקוטלנד עד 21,Scotland until 21,Scotland U21,100,8221,World
סראגוסה,Zaragoza,Zaragoza,100,732,Spain
סרביה,Serbia,Serbia,100,14,World
סרביה עד 19,Serbia until 19,Serbia U19,100,10346,World
עירוני טבריה,Urban Tiberias,Ironi Tiberias,100,6181,Israel
עירוני מודיעין,Urban Modi'in,Ironi Modi'in,100,6179,Israel
עירוני קרית שמונה,Urban Kiryat Shmona,Ironi Kiryat Shmona,100,4510,Israel
ערב הסעודית,Saudi Arabia,Saudi Arabia,100,23,World
פ.צ דינמו מחצקלה,Dinamo Makhachkala,Cup,100,6813,Russia
פ.צ. איינדהובן,P.C. Eindhoven,FC Eindhoven,100,422,Netherlands
פ.צ. אנדורה,P.C. Andorra,FC Andorra,100,8157,Spain
פ.צ. טוקיו,P.C. Tokyo,FC Tokyo,100,292,Japan
פ.צ. יונייטד,P.C. United,United of Manchester,100,7754,England
פ.צ. מינסק,P Z Minsk,FC Minsk,100,380,Belarus
פ.צ. סודטירול,Sudtirol,Serie B,100,1578,Italy
פ.צ. סידני,P.C. Sydney,Sydney,100,943,Australia
פ.צ. פאריס,P.C. Paris,Paris FC,100,114,France
פ.צ. ציריך,P.C. Zurich,FC Zurich,100,783,Switzerland
פאדובה,Padua,Padova,100,870,Italy
פאדרבורן,Paderborn,SC Paderborn 07,100,185,Germany
פאדרבורן ב,Paderborn b,Paderborn II,100,12827,Germany
פאלקירק,Falkirk,Falkirk,100,1389,Scotland
פאלרמו,Palermo,Serie B,100,522,Italy
פאפוס,Paphos,Pafos,100,3403,Cyprus
פאקו פריירה,Paco Ferreira,Pacos Ferreira,100,234,Portugal
פאקשי,Pakshi,Paks,100,2390,Hungary
פאר ראבאט,F.C. Far Rabat,FAR Rabat,100,969,World
פאריס סן זרמן,Paris Saint Germain,UEFA Champions League,100,85,World
פארנבורו,Farnborough,Farnborough,100,7715,England
פארנהם,Farnham,Farnham Town,100,8783,England
פארנו ואפרוס,Farnu Vaprus,Vaprus,100,3525,Estonia
פגיאנו אוקאימה,Paggiano Ocaima,Fagiano Okayama,100,310,Japan
פוארטו קבייו,Puerto Cabello,Puerto Cabello,100,2827,Venezuela
פודברזובה,Podbrezová,Cup,100,3548,Slovakia
פולהאם,Fulham,Fulham,100,36,England
פולוניה ביטום,Polonia bitumen,Polonia Bytom,100,12835,Poland
פולוניה ורשה,Polonia Warsaw,Polonia Warszawa,100,16239,Poland
פולוקויין,Polokwane,Polokwane City,100,2693,South-Africa
פולטבה,Poltava,SK Poltava,100,17165,Ukraine
פולין,Poland,Poland,100,24,World
פולין עד 19,Poland until 19,Poland U19,100,10376,World
פולקסטון אינביסטה,Folkestone Invista,Folkestone Invicta,100,7716,England
פונטארנס,Pontarenas,Puntarenas FC,100,2045,Costa-Rica
פורט וייל,Port Vale,League One,100,1351,England
פורטדאון,Portdown,Portadown,100,5348,Northern-Ireland
פורטוגל,Portugal,Portugal,100,27,World
פורטוגל עד 19,Portugal until 19,Portugal U19,100,10343,World
פורטוגל עד 21,Portugal until 21,Portugal U21,100,8216,World
פורטונה סיטארד,Fortuna Sittard,Fortuna Sittard,100,205,Netherlands
פורטימוננסה,Fortimonense,Portimonense,100,216,Portugal
פורטלזה,Fortaleza EC,Copa Do Brasil,100,154,Brazil
פורטלנד,Portland,Portland Timbers,100,1617,USA
פורטמור יונייטד,Fortmore United,Portmore United,100,3443,Jamaica
פורטסמות,Portsmouth,Portsmouth,100,1355,England
פורלי,Forli,Forli,100,1688,Italy
פורסט גרין,Forest Green,Forest Green,100,1378,England
פורפאר אתלטיק,Forfar Athletic,Forfar Athletic,100,4250,Scotland
פחטקור טשקנט,Pachtakor Tashkent,Pakhtakor,100,4220,Uzbekistan
פטרבורו,Peterborough,League One,100,1350,England
פטרבורו ספורט,Peterborough Sports,Peterborough Sports,100,7737,England
פטרולול פלוישטי,Petrolol Floishti,Petrolul Ploiesti,100,2598,Romania
פיורנטינה,Fiorentina,Fiorentina,100,502,Italy
פיזה,Pisa,Pisa,100,801,Italy
פיינורד,Feyenoord,Feyenoord,100,209,Netherlands
פילדלפיה,Philadelphia,Philadelphia Union,100,1599,USA
פינטו,Pinto,Pineto,100,9514,Italy
פיניקס,Phoenix,Phoenix Rising,100,4009,USA
פינלנד,Finland,Finland,100,1099,World
פינלנד עד 19,Finland until 19,Finland U19,100,10333,World
פירמידס,Pyramids,Pyramids FC,100,1036,World
פירסט וינה,First Vienna,2. Liga,100,4990,Austria
פלאטנסה,Platansa,Platense,100,1064,World
פלגיירס 1932,Flaggers 1932,Felgueiras 1932,100,4744,Portugal
פלומיננזה,Fluminense,Fluminense,100,124,Brazil
פלורה טאלין,Flora Tallinn,Flora Tallinn,100,687,Estonia
פליטווד טאון,Fleetwood Town,League Two,100,1336,England
פלימות,Plymouth,League One,100,1357,England
פלימות פארקוויי,Plymouth Parkway,Plymouth Parkway,100,8899,England
פלמייראס,Palmeiras,Serie A,100,121,Brazil
פלסטינו,Palestine,Palestino,100,2318,Chile
פמליקאו,Pamlicao,Famalicao,100,242,Portugal
פנאיתוליקוס,Panaitolikos,Panetolikos,100,949,Greece
פנאתינייקוס,Panathinaikos,UEFA Europa League,100,617,World
פניבונט,Fenibont,Penybont,100,2191,Wales
פניכס לובק,Phoenix Lubeck,Phönix Lübeck,100,12831,Germany
פנמה,Panama,Panama,100,11,World
פנסראיקוס,Panseraikos,Panserraikos,100,2099,Greece
פנרבחצה,Fenerbahçe,Süper Lig,100,611,Turkey
פסים יוגיאקרטה,Passim Yogyakarta,PSIM Yogyakarta,100,4235,Indonesia
פסקארה,Pescara,Serie B,100,525,Italy
פראם,Fram,Fram,100,6986,Norway
פרגוואי,Paraguayan,Paraguay,100,2380,World
פרדריקסטאד,Fredrikstad,Fredrikstad,100,2149,Norway
פרו,Peru,Peru,100,30,World
פרוביאריו,Proviario,Ferroviario,100,1195,Brazil
פרוגרסו,Progresso,Progreso,100,2363,Uruguay
פרול קונסטנטה,Prole Constanta,Farul Constanta,100,2596,Romania
פרוקסי,Proxy,Proxy,100,20461,Egypt
פרטיזני טירנה,Partizani Tirana,Partizani,100,708,Albania
פרטיק תיסל,Partic Thistle,Partick,100,901,Scotland
פרייבורג,SC Freiburg,UEFA Europa League,100,160,World
פרימורייה,Primorye,Primorje,100,14007,Slovenia
פרסבאיה סורבאיה,Persabaya Surabaya,Persebaya Surabaya,100,2446,Indonesia
פרסטון,Preston,Preston,100,59,England
פרסיב באנדונג,Persib Bandung,Persib Bandung,100,2445,Indonesia
פרסיגפ גפארה,Persigp Gafara,Persijap,100,11132,Indonesia
פרסיטה טנדרנג,Persita Tandrang,Persita,100,4244,Indonesia
פרסיס סולו,Persis solo,Persis Solo,100,4243,Indonesia
פרסיק קדירי,Persik Kadiri,Persik Kediri,100,4241,Indonesia
פתיח קרגומרוק,Fatih Karagümrük,Süper Lig,100,3589,Turkey
צאד,Chad,Chad,100,1523,World
צוויקאו,Zwickau,FSV Zwickau,100,1315,Germany
צזנה,Cesena,Serie B,100,509,Italy
ציאנגראי יונייטד,Ciangerai United,Chiangrai United,100,2771,Thailand
ציטה די פונטדרה,Cita di Pontedera,Pontedera,100,1591,Italy
ציטה די קמפובאסו,Cita di Campobasso,Campobasso FC,100,9510,Italy
ציפה יונייטד,Tsipah United,Chippa United,100,2698,South-Africa
ציפנהאם,Chippenham,Chippenham Town,100,8147,England
ציצסטר סיטי,Cicester City,Chichester City,100,7628,England
צלטנהאם,Cheltenham,League Two,100,1372,England
צלסי,Chelsea,UEFA Champions League,100,49,World
צנמרי,Tsanmari,Chanmari,100,25923,India
צסהאם יונייטד,Chesham United,Chesham United,100,4702,England
צסטר,Chester,Chester,100,1820,England
צסטרפילד,Chesterfield,League Two,100,1345,England
צסקא 1948 סופיה,Ceska 1948 Sofia,CSKA 1948,100,1426,Bulgaria
צסקא מוסקבה,CSKA Moscow,Cup,100,555,Russia
צסקא סופיה,Ceska Sophia,CSKA Sofia,100,853,Bulgaria
צפון אירלנד,Northern Ireland,Northern Ireland,100,771,World
צפון אירלנד עד 19,Northern Ireland until 19,Northern Ireland U19,100,10375,World
צרלטון,Charlton,Charlton,100,1335,England
צרפת,France,France,100,2,World
צרפת עד 19,France until 19,France U19,100,10334,World
קאדיס,Cadiz,Cadiz,100,724,Spain
קאטוביץ,Katowice,GKS Katowice,100,3484,Poland
קאליש,Kalish,Kalisz,100,12801,Poland
קאמאז,Kamaz,KAMAZ,100,6801,Russia
קאנון יואנדה,Canon of Yoanda,Canon,100,5560,Cameroon
קאסה פיה ליסבון,Casa Pia Lisbon,Casa Pia,100,4716,Portugal
קאפפנברגר,Kappenberger,SV Kapfenberg,100,1401,Austria
קאריק,Carrick,Carrick Rangers,100,5350,Northern-Ireland
קגמרקה,Cagamarca,FC Cajamarca,100,22543,Peru
קוב רמבלרס,Cobb Ramblers,Cobh Ramblers,100,3849,Ireland
קובנטרי,Coventry,Coventry,100,1346,England
קווינס פארק,Queen's Park,Queen's Park,100,6778,Scotland
קווינס פארק ריינגרס,Queens Park Rangers,Queens Park Rangers,100,18212,England
קווסאקי פרונטלה,Kawasaki Frontale,Kawasaki Frontale,100,294,Japan
קולומבוס,Columbus,Columbus Crew,100,1613,USA
קולומביה,Colombia,Colombia,100,8,Colombia
קולורדו,Colorado,Colorado Rapids,100,1610,USA
קולטורל לאונסה,Cultural Leonesa,Cultural Leonesa,100,725,Spain
קולצסטר,Colchester,Colchester,100,1361,England
קולריין,Coleraine,Coleraine FC,100,669,Northern-Ireland
קוניאספור,Konyaspor,Konyaspor,100,607,Turkey
קונקרנו,Concarno,Concarneau,100,1300,France
קוסובו,Kosovo,Kosovo,100,1111,World
קוסובו עד 21,Kosovo until 21,Kosovo U21,100,8203,World
קוסטה ריקה,Costa Rica,Costa Rica,100,29,World
קוסנצה,Cosenza,Cosenza,100,10137,Italy
קופר,Cooper,Koper,100,4374,Slovenia
קופשטיין,Kopstein,Kufstein,100,4948,Austria
קוצאליספור,Kutsalispor,Kocaelispor,100,7411,Turkey
קוקאנד,Kokand,Kokand-1912,100,4212,Uzbekistan
קוקס היל יונייטד,Cox Hill United,Cooks Hill United,100,18313,Australia
קורונה קיילצה,Corona Kielce,Korona Kielce,100,346,Poland
קורינתיאנס,Corinthians,Corinthians,100,131,
קורסאו,Curacao,Curaçao,100,5530,World
קורק סיטי,Cork City,Cork City,100,653,Ireland
קזחסטן עד 19,Kazakhstan until 19,Kazakhstan U19,100,10367,World
קזינסברציקי,Kazinsbartsycki,Kazincbarcikai,100,2410,Hungary
קזרטנה,Casertana,Casertana,100,885,Italy
קטאניה,Catania,Catania,100,1580,Italy
קטרינג טאון,Kettering Town,Kettering Town,100,8654,England
קידרמינסטר,Kidderminster,Kidderminster Harriers,100,4695,England
קיוטו סנגה,Kyoto Sangha,Kyoto Sanga,100,302,Japan
קיי.איי. אקוריירי,K.A. Akureyri,KA Akureyri,100,272,Iceland
קיי.אר,K.R,KR Reykjavik,100,271,Iceland
קייזר ציפס,Kaiser Chips,Kaizer Chiefs,100,2691,South-Africa
קייזרסלאוטרן,Kaiserslautern,1. FC Kaiserslautern,100,745,Germany
קיימברידג יונייטד,Cambridge United,Cambridge United,100,1370,England
קייסריספור,Kayserispor,Süper Lig,100,1001,Turkey
קייפ ורדה,Cape Verde,Cape Verde Islands,100,1533,World
קילמרנוק,Kilmarnock,Kilmarnock,100,250,Scotland
קינגדאו ווסט קוסט,Qingdao West Coast,West Brom,100,365634,England
קינגס לין,King's Lynn,King's Lynn Town,100,8655,England
קיפיסיאס,Kefisias,Kifisia,100,5050,Greece
קיצבוהל,Kitzbühel,Kitzbühel,100,4947,Austria
קיקרס אופנבך,Kickers Offenbach,Kickers Offenbach,100,1628,Germany
קיקרס אמדן,Kickers Emden,Kickers Emden,100,12804,Germany
קירלרליספור,Kirrelispor,Kırklarelispor,100,3596,Turkey
קלאב אטלנטה,Club Atlantah,Atlanta,100,1948,Argentina
קלאב ברוז,Club Bruz,Club Brugge KV,100,569,Belgium
קלאב ברוז עד 19,Club Brugge U19,UEFA Youth League,100,7893,World
קלאב דפורטיבו גוניור,Club Deportivo Junior,Junior,100,1135,World
קלאב ספורט אוניברסיטטה קראיובה,Universitatea Craiova,Liga I,100,632,Romania
קלאקסוויק,Klaksvvik,KI Klaksvik,100,701,Faroe-Islands
קלי תורפס טאון,Kelly Thorpes Town,Cleethorpes Town,100,7631,England
קליארי,Cagliari,Serie A,100,490,Italy
קלייד,Clyde,Clyde,100,6762,Scotland
קליפטונוויל,Cliftonville FC,Premiership,100,2266,Northern-Ireland
קמבריאן&קלידץ,Cambrian & Klidz,Cambrian & Clydach,100,2202,Wales
קנדה,Canada,Canada,100,5529,World
קנזס סיטי,Kansas City,Sporting Kansas City,100,1611,USA
קנצנבורי,Kanzenburi,Kanchanaburi,100,18051,Thailand
קפלאביק,Keflavik,Keflavik,100,269,Iceland
קפריסין,Cyprus,Cyprus,100,1106,World
קראלה בלאסטרס,Kerala Blasters,Kerala Blasters,100,3477,India
קראקאס,Caracas,Caracas,100,22546,Venezuela
קרבה איסמעיליה,Karba Ismailia,Kahraba Ismailia,100,20458,Egypt
קרדיף מטרופוליטן,Cardiff Metropolitan,Cardiff MET,100,353,Wales
קרו אלכסנדרה,Crewe,League Two,100,1363,England
קרואטיה,Croatia,Croatia,100,3,Croatia
קרואטיה עד 19,Croatia until 19,Croatia U19,100,10329,World
קרוז אזול,Cruz Azul,Cruz Azul,100,2295,Mexico
קרוטונה,Crotone,Crotone,100,501,Italy
קרוסיידרס,Crusaders,Crusaders FC,100,697,Northern-Ireland
קריי ואלי,Cray Valley,Cray Valley PM,100,7636,England
קריליה סובטוב,Krylia Sovetov,Cup,100,1079,Russia
קריסטל פאלאס,Crystal Palace,UEFA Europa Conference League,100,52,World
קרל זייס ינה,Carl Zeiss Yena,FC Carl Zeiss Jena,100,1325,Germany
קרלובץ,Karlovac,Karlovac 1919,100,15295,Croatia
קרלייל,Carlisle,Carlisle,100,1371,England
קרמיקה קלאופטרה,Cleopatra ceramics,Ceramica Cleopatra,100,14651,Egypt
קרסנודר,FC Krasnodar,Cup,100,621,Russia
קרקוביה קרקוב,Krakow Krakow,Cracovia Krakow,100,350,Poland
קרשלטון אתלטיק,Carshelton Athletic,Carshalton Athletic,100,7707,England
קשיווה רייסול,Cashew Raysol,Kashiwa Reysol,100,281,Japan
קשימה אנטלרס,Kashima Antlers,Kashima,100,290,Japan
ראדום,Radum,Radomiak Radom,100,4248,Poland
ראדניק סורדוליצה,Radnik Sordolica,Radnik Surdulica,100,2657,Serbia
ראיונג,Rayong,Rayong FC,100,2797,Thailand
ראל לה לובייר,Rael Le Louvière,RAAL La Louvière,100,5902,Belgium
ראמסגייט,Ramsgate,Ramsgate,100,7665,England
ראן,Ran,Drancy,100,1293,France
ראנדרס,Randers,Randers FC,100,401,Denmark
ראסינג קלאב,Rasing Klab,Racing Club,100,436,Argentina
ראסינג קלאב מונטוידיאו,Montevideo Racing Club,Racing Montevideo,100,2359,Uruguay
ראפיד וינה,Rapid Vienna,Rapid Vienna,100,781,Austria
ראפרסוויל יונה,Rappersville Dove,Rapperswil,100,2185,Switzerland
רגאסטן יונייטד,Ragasten United,Rajasthan United,100,18009,India
רגיאנה,Reggiana,Serie B,100,880,Italy
רד בול ברגנטינו,Red Bull Bragantino,RB Bragantino,100,794,Brazil
רדינג,Reading,League One,100,53,England
רואנדה,Rwanda,Rwanda,100,1514,World
רובין קאזאן,Robin Kazan,Rubin,100,1083,Russia
רודה,Roda,Eerste Divisie,100,414,Netherlands
רודינגהאוזן,Rodinghausen,SV Rodinghausen,100,1650,Germany
רודינה מוסקבה,Rodina Moscow,Rodina Moskva,100,6822,Russia
רוזנבורג,Rosenberg,Rosenborg,100,331,Norway
רוטור וולגוגרד,Rotor Volgograd,Rotor Volgograd,100,2010,
רומניה עד 19,Romania until 19,Romania U19,100,10378,World
רומניה עד 21,Romania until 21,Romania U21,100,8218,World
רוס קאונטי,Ross County,Ross County,100,902,Scotland
רוסאריו סנטרל,RosaRio Central,Rosario Central,100,437,
רוסטוב,Rostov,FC Rostov,100,779,Russia
רוסיה,Russia,Russia,100,4,World
רוסקילדה,Roskilde,Roskilde,100,2067,Denmark
רוצדייל,Rossdale,Rochdale,100,1339,England
רותרהאם,Rotherham,League One,100,73,England
ריאל אבילס,Real Avi'el,Real Avilés,100,9632,Spain
ריאל אספנה,Real Aspen,Real Espana,100,1058,Honduras
ריאל בטיס,Real Betis,UEFA Europa League,100,543,World
ריאל בטיס ב,Real Betis Be'er Sheva,Real Betis II,100,9765,Spain
ריאל מדריד,Real Madrid,UEFA Champions League,100,541,World
ריאל מורסיה,Real Murcia,Real Murcia,100,5275,Spain
ריאל סולט לייק,Real Salt Lake,Real Salt Lake,100,1606,USA
ריאל סוסיאדד,Real Sociedad,La Liga,100,548,Spain
ריאל סנטאנדר,Real Santander,Real Santander,100,1463,Colombia
ריאל פילאר,Real Pilar,Real Pilar,100,2422,Argentina
ריאל קשמיר,Real Keshmir,Real Kashmir,100,3469,India
ריבר פלייט,River Plate,River Plate,100,435,
ריברס יונייטד,River United,Rivers United,100,5192,Nigeria
ריגה,Riga,Riga,100,10124,Latvia
ריד,Ried,Cup,100,1028,Austria
ריו אווה,Rio Ave,Rio Ave,100,226,
ריזאספור,Rizaspur,Rizespor,100,1007,Turkey
רייכנהאו,Reichenau,SVG Reichenau,100,4981,Austria
ריימס,Reims,Reims,100,93,France
ריית רוברס,Raith Rovers,Raith Rovers,100,1385,Scotland
ריצרדס ביי,Richards Bay,Richards Bay,100,10567,South-Africa
רנהיים,Ranheim,Ranheim,100,322,Norway
רפיד בוקרשט,Rapid Bucharest,Rapid,100,6231,Romania
רקסהאם,Wrexham,Championship,100,1837,England
שאלקה 04,Schalke 04,FC Schalke 04,100,174,Germany
שאלקה 04 חובבים,Schalke 04 amateurs,Schalke 04 II,100,9373,Germany
שארלוט,Charlotte,Charlotte,100,18310,USA
שבדיה,Sweden,Sweden,100,5,World
שבדיה עד 19,Sweden until 19,Sweden U19,100,10380,World
שבדיה עד 21,Sweden until 21,Sweden U21,100,8225,World
שוואץ,Schwatz,Schwaz,100,4957,Austria
שווייץ,Switzerland,Switzerland,100,15,World
שווייץ עד 19,Switzerland until 19,Switzerland U19,100,10350,World
שולינג,Sholing,Sholing,100,7668,England
שונינגן,Schöningen,Schöningen,100,19475,Germany
שחטאר דונייצק,Shakhtar Donetsk,Shakhtar Donetsk,100,550,World
שטוטגרט,Stuttgart,VfB Stuttgart,100,172,Germany
שטוטגרט קיקרס,Stuttgart Kickers,Stuttgarter Kickers,100,12868,Germany
שטורם גראץ,Sturm Graz,Sturm Graz,100,637,Austria
שטורם גראץ חובבים,Sturm Graz amateurs,Sturm Graz II,100,8251,Austria
שטראסבורג,Strasbourg,Strasbourg,100,95,France
שילונג,Shillong,Shillong Lajong,100,3470,India
שימיזו,Shimizu,Shimizu S-pulse,100,283,Japan
שיקגו,Chicago,Chicago Fire,100,1607,USA
שיראק,Shirak,Shirak,100,3686,Armenia
שלאסק ורוצלאב,Schlasek and Wroclaw,Slask Wroclaw,100,337,Poland
שלבורן,Shelburne,Shelbourne,100,3854,Ireland
שמרוק רוברס,Shamrock Rovers,Shamrock Rovers,100,652,Ireland
שנזן פנג סיטי,Shenzhen Feng City,Bristol City,100,236653,England
שנחאי פורט,Shanghai Port,SHANGHAI SIPG,100,836,China
שנחאי שנואה,Shanghai is hated,Shanghai Shenhua,100,833,China
שפילד וונסדיי,Sheffield Wednesday,Sheffield Wednesday,100,74,England
שפילד יונייטד,Sheffield United,Sheffield Utd,100,62,England
שצצין,Szczecin,Pogon Szczecin,100,348,Poland
שרוסברי,Shrewsbury,Shrewsbury,100,1352,England
שרלרואה,Charleroi,Charleroi,100,736,Belgium
ארבה מינץ קנמה,Arba Minch Kenema,Arba Minch Kenema,100,4126,Ethiopia
הדייה,Diya,Hadiya Hosaena,100,9983,Ethiopia
